id,site,avg_temp,min_temp,max_temp,canopy_avg,lon,lat,pl,al,ss,sl,sr,sc,region,CHi,CTI_med
1,Fidonisi,19.03618,11.33166,27.94499,0.19,24.3469,40.8653,3,2,0.032,0,0,0,NAS,7.629647781,19.00802223
2,Amouliani NW_Petalo1,19.70112,12.93666,28.28999,21.06,23.9144,40.3412,0,0,0.074666667,0,0,0,NAS,14.55413816,19.1385
3,Astakoi,19.6974,13.04333,28.22333,0,23.944,40.3078,0.666666667,1.333333333,0.138666667,0,0,0,NAS,27.37055372,19.0351861
4,Drenia,19.6974,13.04333,28.22333,0,23.9595,40.3069,1.666666667,0.333333333,0.050666667,0,0,0,NAS,10.62138232,18.98972782
5,Peristeronisi,19.52254,13.47666,27.84666,0,23.8998,39.9625,3,1,0.106666667,0,0,0.013333333,NAS,23.47894522,19.00728389
6,Porto Valitsa,19.68392,13.64666,28.10999,0,23.6833,39.9544,0.666666667,0,0.104,0,0,0,NAS,20.56516862,18.98921455
7,Marathias,19.52254,13.47666,27.84666,0,23.919,39.9478,7.333333333,1.333333333,0.018666667,0,0,0,NAS,6.913307873,18.99097061
8,Sykamia,18.868496,14.323327,25.299994,0,26.3089,39.3755,0,0.6,0.092,0.001333333,0,0.017333333,NAS,19.77746868,19.10408139
9,Gavathas,19.04358,14.95666,25.28166,17.25,25.9706,39.2856,0.3,0,0.02,0,0,0.048,NAS,8.82289129,19.10868984
10,Trachili,19.69868,12.94166,27.75333,0.14,23.1101,39.1605,0.666666667,0.333333333,0.04,0,0,0,NAS,8.102219727,19.004426
11,Mikros mourtias,19.63546,13.84833,27.88833,0.17,23.8365,39.1389,6.333333333,0,0.048,0,0,0.010666667,NAS,13.20788977,18.96937654
12,Bora 2,19.71288,12.90833,27.79166,0.06,23.0684,39.1287,1,0,0,0,0,0,NAS,0.44,18.9603
13,Chrousos,19.2873,14.99499,25.29166,0.06,25.9577,39.1023,0.333333333,1.666666667,0,0,0,0.050666667,NAS,5.265509284,19.07408148
14,Faros,19.56882,12.87833,27.59999,0,23.0505,39.0979,0.666666667,0,0,0,0,0,NAS,0.293333333,18.9603
15,Geroplina,19.56882,12.87833,27.59999,0.22,23.0573,39.0952,0.333333333,0,0.016,0,0,0,NAS,3.265410557,18.96961833
16,Nero,19.55882,12.89999,27.56333,0,23.116,39.087,2.333333333,0,0.04,0,0,0,NAS,8.823526394,18.96592192
17,Ag Vasso_Mantri,19.55882,12.89999,27.56333,0,23.1125,39.0864,0,0,0,0,0,0,NAS,0,NA
18,Fara,19.47595,15.04666,25.82166,25.65,26.4793,38.972,1.8,0.8,0.114666667,0,0,0.009333333,NAS,24.10372938,19.01191672
19,Pouria,19.353182,14.359994,27.148327,39.55,24.584,38.9257,1,0.1,0.024,0,0,0,NAS,5.121723836,18.97773174
20,Atsitsa,19.39239,14.24833,27.40166,35.1,24.4661,38.9172,0,0,0,0,0,0,NAS,0,NA
21,Pefkos,19.35844,14.29333,27.29333,42.6,24.5076,38.8569,0.1,0,0.048,0.001333333,0,0.005333333,NAS,10.02515962,19.06192676
22,Skyros,19.35844,14.29333,27.29333,7.9,24.514,38.8454,3.777777778,0.888888889,0,0,0,0,NAS,1.694293333,18.99042323
23,Skorponeria,19.60734,12.659994,28.26166,15.33,23.3538,38.5061,0,0.666666667,0,0,0,0,NAS,0.024053333,19.0645
24,Pelagonisos,19.57335,15.36999,24.98666,0,25.9404,38.3196,1,0.333333333,0.141333333,0.125333333,0,0.016,NAS,38.28704808,19.1315566
25,Limnionas,19.530256,12.83666,26.983326,37.72,23.9371,38.2885,0.333333333,0,0,0,0,0,NAS,0.146666667,18.9603
26,Mauve Cave_E Evoia,19.471756,13.846661,27.38666,30.24,24.256,38.2859,2,4.333333333,0.056,0,0,0.005333333,NAS,12.484446,19.02712593
27,Pachi nisi,19.62682,15.34333,25.21666,0,25.8632,38.2479,0.666666667,0,0.093333333,0.024,0,0.12,NAS,32.13093979,19.16984906
28,Freezer,19.62682,15.34333,25.21666,0.05,25.8721,38.24,1,1,0,0,0,0.04,NAS,4.469797855,19.03754996
29,Moula rocks,19.65726,15.34833,25.29666,0.13,25.8866,38.2154,3.666666667,1.333333333,0.112,0.037333333,0,0.088,NAS,34.86692904,19.04963731
30,Kavlomenou,19.67089,15.39999,25.08333,0,25.9314,38.1921,1,0,0.008,0.002666667,0,0.096,NAS,11.76915926,19.07753225
31,Libadaki,19.83807,15.54999,24.98666,0,26.9819,37.7952,2.666666667,0,0.016,0,0,0.050666667,SAL,9.350786508,18.99736848
32,Giaros 2,19.96422,15.15999,26.59999,0,24.7517,37.5822,0,1.333333333,0.104,0.093333333,0.005333333,0.088,SAL,35.86192333,19.23188883
33,Ag. Sostis,20.01335,14.93166,26.89833,0,24.43586,37.4604,1.333333333,0.222222222,0.002666667,0.018666667,0.005333333,0.010666667,SAL,3.759063562,19.01847684
34,Zogkakiou,20.021809,14.954993,26.86166,0,24.4577,37.384,0.222222222,0.444444444,0.002666667,0.050666667,0,0.021333333,SAL,6.276011691,19.14694073
35,Santa Maria Cape,19.80961,15.47166,26.05333,3.52,25.2946,37.1418,0.333333333,0.666666667,0.072,0.034666667,0,0.016,SAL,18.20579271,19.09397495
36,Kasteli,20.59713,16.38333,25.63999,0,26.9402,37.0096,0.222222222,0.444444444,0.032,0.064,0.157333333,0.042666667,SAL,23.4716145,19.43428861
37,Vathi - Kalymnos,20.597132,16.383327,25.639994,0.13,27.0362,36.9728,0,0,0.061333333,0.008,0.029333333,0,SAL,14.0802801,19.66930725
38,Panteronisi_Paros Antiparos,20.01724,15.40333,26.44166,0.33,25.1219,36.9678,0,0.666666667,0.005333333,0.016,0.002666667,0.016,SAL,3.913081458,19.12991453
39,NE Antiparos,20.03078,15.35833,26.44333,38.21,25.0779,36.9546,0,0,0.013333333,0.077333333,0,0.098666667,SAL,17.81119346,19.97524198
40,Amorgos NW - Fokia,19.95342,16.05833,25.35833,0,25.9641,36.9302,0,14.66666667,0,0.008,0.002666667,0.029333333,SAL,4.155266048,19.0781137
41,Pothi - Kalymnos,20.63484,16.39333,25.64833,2.38,26.9859,36.9253,0.333333333,0,0.037333333,0.029333333,0.042666667,0.032,SAL,14.93658539,19.29259164
42,Glaronisi,20.00788,15.97833,25.58833,1.36,25.6032,36.9115,0,0,0,0.021333333,0,0.08,SAL,9.466351438,19.98226968
43,Keros,19.98092,15.98999,25.53166,30.44,25.6835,36.8868,0,0,0,0.008,0.002666667,0,SAL,0.697366287,20.29439134
44,N of N Antikeri,20.06701,16.04333,25.58999,11.14,25.686,36.8539,0,0,0.050666667,0.056,0,0.101333333,SAL,23.87559467,19.80262461
45,Ano Antikeri-Spilia 2,20.06701,16.04333,25.58999,6.17,25.6856,36.8414,0.666666667,0.333333333,0.066666667,0.016,0,0.042666667,SAL,18.66927872,19.07032069
46,Katapola - Faros,20.09173,16.10333,25.44666,17.45,25.841,36.835,0.666666667,0,0.013333333,0.032,0.002666667,0,SAL,5.253433056,19.0415839
47,Ofiousa 2,20.07568,15.93999,25.70999,1.19,25.5228,36.8322,0.333333333,0.666666667,0,0.053333333,0,0.042666667,SAL,8.127975031,19.13655531
48,Polyaigos N - Kamares,20.19416,15.21666,27.01833,22.06,24.6383,36.7873,0,1,0,0.04,0,0.029333333,SAL,5.737773416,19.15499494
49,Alogomandra,20.2529,15.38166,27.13666,7.56,24.488,36.7528,0.444444444,0,0.029333333,0.037333333,0.096,0.032,SAL,16.83615352,19.37835369
50,Ios,20.163286,15.903327,25.729994,0,25.3671,36.7476,0,0,0.037333333,0.048,0.026666667,0.064,SAL,18.42230693,19.935303
51,Falasarna,20.55688,15.40499,27.00333,15.44,23.5727,35.4885,0,0,0,0,0.010666667,0.021333333,SAL,2.701074415,20.15844506
52,Elounda,20.91978,15.63499,26.82499,11.3,25.7432,35.257,0,0,0,0.006666667,0.117333333,0.038666667,SAL,10.60476223,20.43220416
53,Kolokytha / Agios Nikolaos,20.91978,15.63499,26.82499,0,25.7588,35.2522,0,0,0.042666667,0.04,0.056,0.064,SAL,20.47779661,20.00254244
54,Skinaria,20.96969,15.92333,26.99999,50.75,24.42,35.165,0,0,0.02664,0.025328,0.006666667,0.077333333,SAL,15.02667135,19.85379019
55,Tzioni,22.53252,16.40333,29.51333,24.95,32.2754,35.0409,0,0,0,0.00533,0.12266,0.008,SAL,7.735437412,20.55916575
56,Myrtos,21.27039,15.92833,27.41166,24.9,25.5782,34.9963,0,0,0,0.076,0.092,0.02,SAL,12.1911609,20.36836559
57,Xylophagou,22.41833,16.76833,29.09999,33.05,33.8305,34.9622,0,0,0,0.032,0.057333333,0,SAL,5.287990718,20.46310828
58,Amphitheatre,22.44289,16.52333,29.36999,30.2,32.3483,34.8569,0.2,0,0.005333333,0.041333333,0.065333333,0.004,SAL,7.8902881,19.50008411
59,Airport,22.37097,16.59666,29.14666,43.55,32.4948,34.7028,0,0,0.016,0.006666667,0.136,0.034666667,SAL,14.32354457,20.34815508
60,Akrotiri,21.92872,16.72999,28.19999,31.5,33.0281,34.5767,0,0,0,0.004,0.181333333,0.024,SAL,12.3820839,20.52636483
